threshold,precision,recall
0.010103,0.150000,1.000000
0.011388,0.150167,1.000000
0.013112,0.150334,1.000000
0.014040,0.150502,1.000000
0.015083,0.150670,1.000000
0.018510,0.150838,1.000000
0.021176,0.151007,1.000000
0.022200,0.151176,1.000000
0.022436,0.151345,1.000000
0.026144,0.151515,1.000000
0.026932,0.151685,1.000000
0.027803,0.151856,1.000000
0.027806,0.152027,1.000000
0.027968,0.152198,1.000000
0.029250,0.152370,1.000000
0.029719,0.152542,1.000000
0.030322,0.152715,1.000000
0.030759,0.152888,1.000000
0.031103,0.153061,1.000000
0.031998,0.153235,1.000000
0.032372,0.153409,1.000000
0.033596,0.153584,1.000000
0.033607,0.153759,1.000000
0.033774,0.153934,1.000000
0.034442,0.154110,1.000000
0.034710,0.154286,1.000000
0.035358,0.154462,1.000000
0.035715,0.154639,1.000000
0.035866,0.154817,1.000000
0.036390,0.154994,1.000000
0.036924,0.155172,1.000000
0.038140,0.155351,1.000000
0.038502,0.155530,1.000000
0.038597,0.155709,1.000000
0.038766,0.155889,1.000000
0.038794,0.156069,1.000000
0.040238,0.156250,1.000000
0.040249,0.156431,1.000000
0.040720,0.156613,1.000000
0.041038,0.156794,1.000000
0.041817,0.156977,1.000000
0.042995,0.157159,1.000000
0.044208,0.157343,1.000000
0.045149,0.157526,1.000000
0.045439,0.157710,1.000000
0.046485,0.157895,1.000000
0.046997,0.158080,1.000000
0.047273,0.158265,1.000000
0.048704,0.158451,1.000000
0.048809,0.158637,1.000000
0.049025,0.158824,1.000000
0.049122,0.159011,1.000000
0.049363,0.159198,1.000000
0.049550,0.159386,1.000000
0.049607,0.159574,1.000000
0.049614,0.159763,1.000000
0.050323,0.159953,1.000000
0.050622,0.160142,1.000000
0.050784,0.160333,1.000000
0.051156,0.160523,1.000000
0.051443,0.160714,1.000000
0.051623,0.160906,1.000000
0.052128,0.161098,1.000000
0.052253,0.161290,1.000000
0.052272,0.161483,1.000000
0.052307,0.161677,1.000000
0.052417,0.161871,1.000000
0.053418,0.162065,1.000000
0.054116,0.162260,1.000000
0.054401,0.162455,1.000000
0.054532,0.162651,1.000000
0.055176,0.162847,1.000000
0.055294,0.163043,1.000000
0.055625,0.163241,1.000000
0.056096,0.163438,1.000000
0.056436,0.163636,1.000000
0.056726,0.163835,1.000000
0.056806,0.164034,1.000000
0.057055,0.164234,1.000000
0.057296,0.164434,1.000000
0.057593,0.164634,1.000000
0.058156,0.164835,1.000000
0.058174,0.165037,1.000000
0.058308,0.165239,1.000000
0.058472,0.165441,1.000000
0.058703,0.165644,1.000000
0.058724,0.165848,1.000000
0.058746,0.166052,1.000000
0.058822,0.166256,1.000000
0.058846,0.166461,1.000000
0.058881,0.166667,1.000000
0.059300,0.166873,1.000000
0.059663,0.167079,1.000000
0.059721,0.167286,1.000000
0.059757,0.167494,1.000000
0.060103,0.167702,1.000000
0.060475,0.167910,1.000000
0.060552,0.168120,1.000000
0.060630,0.168329,1.000000
0.060910,0.168539,1.000000
0.060951,0.168750,1.000000
0.061223,0.168961,1.000000
0.061403,0.169173,1.000000
0.061551,0.169385,1.000000
0.061576,0.169598,1.000000
0.061792,0.169811,1.000000
0.061892,0.170025,1.000000
0.062490,0.170240,1.000000
0.063097,0.170455,1.000000
0.063225,0.170670,1.000000
0.063280,0.170886,1.000000
0.063311,0.171103,1.000000
0.063618,0.171320,1.000000
0.063991,0.171537,1.000000
0.064012,0.171756,1.000000
0.064046,0.171975,1.000000
0.064198,0.172194,1.000000
0.064238,0.172414,1.000000
0.064373,0.172634,1.000000
0.064587,0.172855,1.000000
0.064837,0.173077,1.000000
0.064953,0.173299,1.000000
0.064993,0.173522,1.000000
0.065207,0.173745,1.000000
0.066137,0.173969,1.000000
0.066188,0.174194,1.000000
0.066400,0.174419,1.000000
0.066505,0.174644,1.000000
0.066510,0.174870,1.000000
0.067829,0.175097,1.000000
0.068253,0.175325,1.000000
0.068300,0.175553,1.000000
0.068582,0.175781,1.000000
0.068696,0.176010,1.000000
0.069075,0.176240,1.000000
0.069713,0.176471,1.000000
0.069822,0.176702,1.000000
0.069836,0.176933,1.000000
0.070169,0.177165,1.000000
0.070178,0.177398,1.000000
0.070613,0.177632,1.000000
0.070806,0.177866,1.000000
0.070847,0.178100,1.000000
0.071184,0.178336,1.000000
0.071225,0.178571,1.000000
0.071273,0.178808,1.000000
0.072212,0.179045,1.000000
0.072390,0.179283,1.000000
0.072593,0.179521,1.000000
0.072620,0.179760,1.000000
0.072813,0.180000,1.000000
0.073162,0.180240,1.000000
0.073357,0.180481,1.000000
0.074022,0.180723,1.000000
0.074718,0.180965,1.000000
0.074866,0.181208,1.000000
0.075176,0.181452,1.000000
0.075320,0.181696,1.000000
0.075434,0.181941,1.000000
0.075608,0.182186,1.000000
0.076063,0.182432,1.000000
0.076453,0.182679,1.000000
0.076956,0.182927,1.000000
0.077113,0.183175,1.000000
0.077149,0.183424,1.000000
0.077254,0.183673,1.000000
0.077354,0.183924,1.000000
0.077430,0.184175,1.000000
0.077503,0.184426,1.000000
0.077513,0.184679,1.000000
0.077704,0.184932,1.000000
0.077879,0.185185,1.000000
0.077908,0.185440,1.000000
0.078333,0.185695,1.000000
0.078586,0.185950,1.000000
0.078720,0.186207,1.000000
0.078755,0.186464,1.000000
0.078813,0.186722,1.000000
0.078837,0.186981,1.000000
0.078847,0.187240,1.000000
0.079058,0.187500,1.000000
0.079247,0.187761,1.000000
0.079412,0.188022,1.000000
0.079480,0.188285,1.000000
0.079574,0.188547,1.000000
0.079629,0.188811,1.000000
0.079727,0.189076,1.000000
0.080397,0.189341,1.000000
0.080821,0.189607,1.000000
0.081031,0.189873,1.000000
0.081143,0.190141,1.000000
0.081653,0.190409,1.000000
0.081671,0.190678,1.000000
0.081827,0.190948,1.000000
0.081867,0.191218,1.000000
0.082076,0.191489,1.000000
0.082288,0.191761,1.000000
0.082661,0.192034,1.000000
0.082702,0.192308,1.000000
0.082707,0.192582,1.000000
0.082988,0.192857,1.000000
0.083022,0.193133,1.000000
0.083512,0.193410,1.000000
0.084260,0.193687,1.000000
0.084489,0.193966,1.000000
0.084569,0.194245,1.000000
0.084570,0.194524,1.000000
0.084867,0.194805,1.000000
0.085036,0.195087,1.000000
0.085420,0.195369,1.000000
0.085506,0.195652,1.000000
0.085780,0.195936,1.000000
0.085903,0.196221,1.000000
0.086540,0.196507,1.000000
0.086623,0.196793,1.000000
0.087032,0.197080,1.000000
0.087316,0.197368,1.000000
0.087377,0.197657,1.000000
0.087446,0.197947,1.000000
0.087517,0.198238,1.000000
0.087610,0.198529,1.000000
0.087611,0.198822,1.000000
0.087723,0.199115,1.000000
0.087839,0.199409,1.000000
0.088189,0.199704,1.000000
0.088367,0.200000,1.000000
0.088422,0.200297,1.000000
0.088671,0.200594,1.000000
0.088913,0.200893,1.000000
0.089097,0.201192,1.000000
0.089132,0.201493,1.000000
0.089480,0.201794,1.000000
0.089645,0.202096,1.000000
0.089661,0.202399,1.000000
0.090201,0.202703,1.000000
0.090420,0.203008,1.000000
0.090421,0.203313,1.000000
0.090556,0.203620,1.000000
0.090737,0.203927,1.000000
0.090807,0.204236,1.000000
0.090940,0.204545,1.000000
0.091205,0.204856,1.000000
0.091286,0.205167,1.000000
0.091479,0.205479,1.000000
0.091617,0.205793,1.000000
0.092495,0.206107,1.000000
0.092718,0.206422,1.000000
0.093300,0.206738,1.000000
0.093891,0.207055,1.000000
0.094326,0.207373,1.000000
0.094370,0.207692,1.000000
0.094385,0.208012,1.000000
0.094498,0.208333,1.000000
0.094504,0.208655,1.000000
0.094877,0.208978,1.000000
0.094921,0.209302,1.000000
0.094923,0.209627,1.000000
0.095142,0.209953,1.000000
0.095289,0.210280,1.000000
0.095537,0.210608,1.000000
0.095807,0.210938,1.000000
0.096379,0.211268,1.000000
0.096797,0.211599,1.000000
0.096803,0.211931,1.000000
0.097268,0.212264,1.000000
0.097467,0.212598,1.000000
0.097694,0.212934,1.000000
0.097760,0.213270,1.000000
0.097763,0.213608,1.000000
0.097812,0.213946,1.000000
0.098242,0.214286,1.000000
0.098246,0.214626,1.000000
0.098310,0.214968,1.000000
0.098313,0.215311,1.000000
0.098333,0.215655,1.000000
0.098451,0.216000,1.000000
0.098835,0.216346,1.000000
0.099074,0.216693,1.000000
0.099318,0.217042,1.000000
0.099471,0.217391,1.000000
0.099512,0.217742,1.000000
0.099986,0.218094,1.000000
0.100091,0.218447,1.000000
0.100295,0.218801,1.000000
0.100404,0.219156,1.000000
0.100422,0.219512,1.000000
0.100695,0.219870,1.000000
0.100728,0.220228,1.000000
0.101221,0.220588,1.000000
0.101442,0.220949,1.000000
0.101446,0.221311,1.000000
0.101490,0.221675,1.000000
0.101825,0.222039,1.000000
0.102714,0.222405,1.000000
0.102800,0.222772,1.000000
0.103150,0.223140,1.000000
0.103516,0.223510,1.000000
0.103548,0.223881,1.000000
0.103769,0.224252,1.000000
0.103909,0.224626,1.000000
0.104078,0.225000,1.000000
0.104200,0.225376,1.000000
0.104470,0.225753,1.000000
0.104784,0.226131,1.000000
0.104813,0.226510,1.000000
0.104865,0.226891,1.000000
0.104950,0.227273,1.000000
0.104961,0.227656,1.000000
0.105069,0.228041,1.000000
0.105086,0.228426,1.000000
0.105842,0.228814,1.000000
0.105979,0.229202,1.000000
0.106087,0.229592,1.000000
0.106088,0.229983,1.000000
0.106374,0.230375,1.000000
0.106820,0.230769,1.000000
0.107372,0.231164,1.000000
0.107408,0.231561,1.000000
0.107411,0.231959,1.000000
0.107721,0.232358,1.000000
0.107765,0.232759,1.000000
0.107779,0.233161,1.000000
0.107806,0.233564,1.000000
0.107873,0.233969,1.000000
0.107877,0.234375,1.000000
0.108315,0.234783,1.000000
0.108384,0.235192,1.000000
0.108434,0.235602,1.000000
0.108510,0.236014,1.000000
0.108695,0.236427,1.000000
0.108773,0.236842,1.000000
0.109081,0.237258,1.000000
0.109151,0.237676,1.000000
0.109243,0.238095,1.000000
0.109310,0.238516,1.000000
0.109334,0.238938,1.000000
0.109522,0.239362,1.000000
0.109661,0.239787,1.000000
0.110165,0.240214,1.000000
0.110174,0.240642,1.000000
0.110251,0.241071,1.000000
0.110520,0.241503,1.000000
0.110532,0.241935,1.000000
0.110718,0.242370,1.000000
0.110892,0.242806,1.000000
0.111390,0.243243,1.000000
0.111780,0.243682,1.000000
0.111942,0.244123,1.000000
0.111979,0.244565,1.000000
0.112550,0.245009,1.000000
0.112732,0.245455,1.000000
0.112906,0.245902,1.000000
0.112910,0.246350,1.000000
0.113111,0.246801,1.000000
0.113492,0.247253,1.000000
0.113648,0.247706,1.000000
0.113683,0.248162,1.000000
0.114646,0.248619,1.000000
0.114660,0.249077,1.000000
0.114885,0.249538,1.000000
0.115121,0.250000,1.000000
0.115123,0.250464,1.000000
0.115210,0.250929,1.000000
0.115509,0.251397,1.000000
0.115543,0.251866,1.000000
0.115545,0.252336,1.000000
0.115776,0.252809,1.000000
0.115911,0.253283,1.000000
0.116099,0.253759,1.000000
0.116180,0.254237,1.000000
0.116202,0.254717,1.000000
0.116435,0.255198,1.000000
0.116549,0.255682,1.000000
0.116680,0.256167,1.000000
0.116802,0.256654,1.000000
0.116947,0.257143,1.000000
0.117126,0.257634,1.000000
0.117247,0.258126,1.000000
0.117274,0.258621,1.000000
0.117469,0.259117,1.000000
0.117772,0.259615,1.000000
0.117774,0.260116,1.000000
0.117909,0.260618,1.000000
0.118003,0.261122,1.000000
0.118319,0.261628,1.000000
0.119245,0.262136,1.000000
0.119435,0.262646,1.000000
0.119698,0.263158,1.000000
0.119870,0.263672,1.000000
0.120900,0.264188,1.000000
0.120908,0.264706,1.000000
0.120982,0.265226,1.000000
0.121060,0.265748,1.000000
0.121265,0.266272,1.000000
0.121415,0.266798,1.000000
0.121489,0.267327,1.000000
0.121904,0.267857,1.000000
0.122321,0.268390,1.000000
0.122454,0.268924,1.000000
0.122457,0.269461,1.000000
0.122556,0.270000,1.000000
0.122622,0.270541,1.000000
0.123215,0.271084,1.000000
0.123544,0.271630,1.000000
0.123587,0.272177,1.000000
0.124350,0.272727,1.000000
0.124424,0.273279,1.000000
0.124521,0.273834,1.000000
0.124698,0.274390,1.000000
0.124726,0.274949,1.000000
0.125210,0.275510,1.000000
0.125222,0.276074,1.000000
0.125319,0.276639,1.000000
0.125473,0.277207,1.000000
0.126519,0.277778,1.000000
0.126651,0.278351,1.000000
0.126652,0.278926,1.000000
0.126820,0.279503,1.000000
0.126837,0.280083,1.000000
0.127483,0.280665,1.000000
0.127502,0.281250,1.000000
0.128253,0.281837,1.000000
0.128279,0.282427,1.000000
0.128585,0.283019,1.000000
0.128607,0.283613,1.000000
0.128703,0.284211,1.000000
0.129177,0.284810,1.000000
0.129371,0.285412,1.000000
0.129617,0.286017,1.000000
0.129869,0.286624,1.000000
0.129983,0.287234,1.000000
0.130014,0.287846,1.000000
0.130038,0.288462,1.000000
0.130562,0.289079,1.000000
0.130582,0.289700,1.000000
0.130818,0.290323,1.000000
0.130840,0.290948,1.000000
0.131029,0.291577,1.000000
0.131185,0.292208,1.000000
0.131280,0.292842,1.000000
0.131309,0.293478,1.000000
0.131380,0.294118,1.000000
0.131723,0.294760,1.000000
0.131750,0.295405,1.000000
0.131762,0.296053,1.000000
0.131806,0.296703,1.000000
0.132136,0.297357,1.000000
0.132140,0.298013,1.000000
0.132173,0.298673,1.000000
0.132292,0.299335,1.000000
0.132791,0.300000,1.000000
0.132982,0.300668,1.000000
0.133006,0.301339,1.000000
0.133029,0.302013,1.000000
0.133052,0.302691,1.000000
0.133193,0.303371,1.000000
0.133208,0.304054,1.000000
0.133492,0.304740,1.000000
0.133803,0.305430,1.000000
0.134539,0.306122,1.000000
0.134882,0.306818,1.000000
0.134987,0.307517,1.000000
0.134994,0.308219,1.000000
0.135304,0.308924,1.000000
0.135464,0.309633,1.000000
0.136003,0.310345,1.000000
0.136330,0.311060,1.000000
0.136342,0.311778,1.000000
0.136370,0.312500,1.000000
0.137575,0.313225,1.000000
0.137587,0.313953,1.000000
0.138676,0.314685,1.000000
0.139149,0.315421,1.000000
0.139309,0.316159,1.000000
0.139701,0.316901,1.000000
0.139743,0.317647,1.000000
0.139797,0.318396,1.000000
0.140400,0.319149,1.000000
0.140638,0.319905,1.000000
0.140714,0.320665,1.000000
0.140922,0.321429,1.000000
0.141292,0.322196,1.000000
0.141425,0.322967,1.000000
0.141458,0.323741,1.000000
0.141669,0.324519,1.000000
0.141743,0.325301,1.000000
0.142196,0.326087,1.000000
0.142202,0.326877,1.000000
0.142386,0.327670,1.000000
0.142552,0.328467,1.000000
0.142587,0.329268,1.000000
0.142840,0.330073,1.000000
0.142919,0.330882,1.000000
0.143279,0.331695,1.000000
0.143293,0.332512,1.000000
0.143403,0.333333,1.000000
0.143633,0.334158,1.000000
0.144308,0.334988,1.000000
0.144527,0.335821,1.000000
0.145091,0.336658,1.000000
0.145901,0.337500,1.000000
0.146172,0.338346,1.000000
0.147267,0.339196,1.000000
0.147297,0.340050,1.000000
0.147347,0.340909,1.000000
0.147957,0.341772,1.000000
0.148210,0.342640,1.000000
0.148292,0.343511,1.000000
0.148849,0.344388,1.000000
0.148885,0.345269,1.000000
0.148916,0.346154,1.000000
0.149041,0.347044,1.000000
0.149067,0.347938,1.000000
0.149179,0.348837,1.000000
0.150076,0.349741,1.000000
0.150117,0.350649,1.000000
0.150559,0.351562,1.000000
0.151008,0.352480,1.000000
0.151343,0.353403,1.000000
0.151369,0.354331,1.000000
0.151386,0.355263,1.000000
0.152217,0.356201,1.000000
0.152718,0.357143,1.000000
0.152736,0.358090,1.000000
0.152809,0.359043,1.000000
0.153117,0.360000,1.000000
0.153223,0.360963,1.000000
0.154005,0.361930,1.000000
0.155328,0.362903,1.000000
0.155571,0.363881,1.000000
0.156025,0.364865,1.000000
0.156253,0.365854,1.000000
0.156706,0.366848,1.000000
0.156767,0.367847,1.000000
0.156803,0.368852,1.000000
0.156875,0.369863,1.000000
0.157124,0.370879,1.000000
0.157776,0.371901,1.000000
0.157803,0.372928,1.000000
0.157928,0.373961,1.000000
0.158311,0.375000,1.000000
0.158880,0.376045,1.000000
0.158950,0.377095,1.000000
0.159090,0.378151,1.000000
0.159186,0.379213,1.000000
0.159825,0.380282,1.000000
0.160226,0.381356,1.000000
0.160619,0.382436,1.000000
0.161553,0.383523,1.000000
0.161568,0.384615,1.000000
0.162214,0.385714,1.000000
0.162945,0.386819,1.000000
0.162995,0.387931,1.000000
0.163834,0.389049,1.000000
0.164016,0.390173,1.000000
0.164528,0.391304,1.000000
0.164921,0.392442,1.000000
0.165010,0.393586,1.000000
0.165041,0.394737,1.000000
0.165127,0.395894,1.000000
0.165708,0.397059,1.000000
0.166086,0.398230,1.000000
0.166899,0.399408,1.000000
0.166981,0.400593,1.000000
0.167831,0.401786,1.000000
0.168005,0.402985,1.000000
0.168482,0.404192,1.000000
0.168492,0.405405,1.000000
0.169469,0.406627,1.000000
0.170032,0.407855,1.000000
0.170933,0.409091,1.000000
0.171241,0.410334,1.000000
0.171265,0.408537,0.992593
0.171745,0.409786,0.992593
0.172051,0.411043,0.992593
0.172621,0.412308,0.992593
0.172625,0.413580,0.992593
0.172658,0.414861,0.992593
0.172899,0.416149,0.992593
0.173037,0.417445,0.992593
0.173474,0.418750,0.992593
0.174092,0.420063,0.992593
0.174424,0.421384,0.992593
0.174460,0.422713,0.992593
0.174510,0.424051,0.992593
0.175132,0.425397,0.992593
0.175779,0.426752,0.992593
0.175815,0.428115,0.992593
0.176077,0.429487,0.992593
0.176705,0.430868,0.992593
0.176968,0.432258,0.992593
0.177287,0.433657,0.992593
0.179689,0.435065,0.992593
0.179694,0.436482,0.992593
0.180070,0.437908,0.992593
0.180667,0.439344,0.992593
0.181173,0.440789,0.992593
0.181672,0.438944,0.985185
0.182189,0.440397,0.985185
0.182279,0.441860,0.985185
0.182363,0.443333,0.985185
0.182700,0.444816,0.985185
0.182986,0.446309,0.985185
0.183351,0.447811,0.985185
0.183955,0.449324,0.985185
0.184679,0.450847,0.985185
0.184939,0.452381,0.985185
0.185173,0.453925,0.985185
0.186381,0.455479,0.985185
0.186569,0.457045,0.985185
0.186573,0.458621,0.985185
0.186615,0.460208,0.985185
0.186975,0.461806,0.985185
0.188225,0.463415,0.985185
0.188272,0.465035,0.985185
0.188944,0.466667,0.985185
0.189052,0.468310,0.985185
0.189195,0.469965,0.985185
0.189257,0.471631,0.985185
0.190439,0.473310,0.985185
0.191375,0.475000,0.985185
0.191754,0.476703,0.985185
0.191890,0.478417,0.985185
0.192096,0.480144,0.985185
0.192231,0.481884,0.985185
0.193545,0.483636,0.985185
0.194141,0.485401,0.985185
0.194914,0.487179,0.985185
0.195710,0.488971,0.985185
0.196289,0.490775,0.985185
0.196835,0.492593,0.985185
0.198345,0.494424,0.985185
0.199002,0.496269,0.985185
0.199193,0.498127,0.985185
0.199449,0.500000,0.985185
0.199511,0.501887,0.985185
0.200146,0.503788,0.985185
0.201523,0.505703,0.985185
0.203899,0.503817,0.977778
0.207080,0.501916,0.970370
0.207985,0.500000,0.962963
0.208796,0.501931,0.962963
0.209449,0.503876,0.962963
0.210018,0.501946,0.955556
0.210189,0.503906,0.955556
0.211135,0.505882,0.955556
0.212462,0.507874,0.955556
0.212766,0.509881,0.955556
0.213305,0.511905,0.955556
0.214595,0.513944,0.955556
0.214808,0.512000,0.948148
0.217092,0.514056,0.948148
0.217806,0.516129,0.948148
0.218001,0.518219,0.948148
0.218403,0.520325,0.948148
0.218702,0.522449,0.948148
0.219839,0.524590,0.948148
0.221050,0.522634,0.940741
0.222245,0.524793,0.940741
0.222553,0.526971,0.940741
0.223527,0.529167,0.940741
0.223691,0.531381,0.940741
0.225151,0.529412,0.933333
0.226664,0.531646,0.933333
0.227393,0.533898,0.933333
0.227562,0.536170,0.933333
0.229057,0.538462,0.933333
0.229612,0.540773,0.933333
0.229741,0.543103,0.933333
0.229875,0.545455,0.933333
0.231599,0.547826,0.933333
0.232756,0.550218,0.933333
0.233128,0.552632,0.933333
0.236413,0.555066,0.933333
0.236651,0.557522,0.933333
0.237191,0.560000,0.933333
0.238338,0.562500,0.933333
0.240865,0.565022,0.933333
0.242366,0.567568,0.933333
0.248869,0.565611,0.925926
0.249430,0.568182,0.925926
0.250258,0.570776,0.925926
0.253851,0.573394,0.925926
0.253890,0.571429,0.918519
0.254963,0.574074,0.918519
0.258512,0.576744,0.918519
0.261568,0.574766,0.911111
0.261635,0.577465,0.911111
0.261746,0.580189,0.911111
0.263892,0.582938,0.911111
0.265337,0.585714,0.911111
0.266002,0.588517,0.911111
0.266074,0.586538,0.903704
0.266230,0.589372,0.903704
0.266531,0.592233,0.903704
0.268949,0.590244,0.896296
0.269496,0.588235,0.888889
0.270147,0.591133,0.888889
0.270365,0.594059,0.888889
0.270941,0.592040,0.881481
0.271009,0.590000,0.874074
0.271949,0.592965,0.874074
0.272394,0.595960,0.874074
0.272884,0.598985,0.874074
0.273660,0.602041,0.874074
0.274309,0.605128,0.874074
0.274514,0.608247,0.874074
0.276992,0.606218,0.866667
0.278042,0.609375,0.866667
0.278479,0.612565,0.866667
0.278777,0.615789,0.866667
0.280703,0.619048,0.866667
0.280809,0.622340,0.866667
0.281085,0.625668,0.866667
0.281091,0.629032,0.866667
0.281585,0.632432,0.866667
0.285848,0.635870,0.866667
0.286297,0.639344,0.866667
0.286341,0.642857,0.866667
0.287370,0.646409,0.866667
0.288043,0.644444,0.859259
0.288321,0.642458,0.851852
0.288950,0.646067,0.851852
0.289267,0.649718,0.851852
0.289267,0.653409,0.851852
0.291231,0.657143,0.851852
0.292085,0.660920,0.851852
0.297412,0.664740,0.851852
0.300337,0.668605,0.851852
0.301685,0.672515,0.851852
0.302050,0.670588,0.844444
0.302135,0.674556,0.844444
0.302627,0.672619,0.837037
0.304550,0.676647,0.837037
0.304830,0.674699,0.829630
0.307991,0.672727,0.822222
0.309305,0.676829,0.822222
0.310379,0.680982,0.822222
0.310496,0.685185,0.822222
0.310899,0.689441,0.822222
0.314928,0.687500,0.814815
0.314977,0.691824,0.814815
0.315771,0.696203,0.814815
0.318988,0.700637,0.814815
0.320307,0.698718,0.807407
0.320374,0.696774,0.800000
0.322165,0.701299,0.800000
0.324870,0.705882,0.800000
0.324915,0.703947,0.792593
0.325763,0.708609,0.792593
0.329944,0.713333,0.792593
0.330498,0.711409,0.785185
0.330588,0.709459,0.777778
0.331929,0.714286,0.777778
0.332343,0.719178,0.777778
0.332589,0.724138,0.777778
0.332762,0.729167,0.777778
0.333250,0.734266,0.777778
0.333784,0.739437,0.777778
0.334144,0.744681,0.777778
0.334285,0.750000,0.777778
0.335499,0.755396,0.777778
0.336882,0.760870,0.777778
0.338623,0.766423,0.777778
0.339212,0.764706,0.770370
0.339976,0.770370,0.770370
0.341709,0.776119,0.770370
0.341875,0.781955,0.770370
0.342078,0.787879,0.770370
0.343513,0.786260,0.762963
0.343968,0.792308,0.762963
0.344093,0.798450,0.762963
0.345538,0.804688,0.762963
0.346833,0.811024,0.762963
0.350616,0.817460,0.762963
0.351933,0.816000,0.755556
0.352290,0.814516,0.748148
0.354481,0.821138,0.748148
0.355429,0.827869,0.748148
0.356509,0.834711,0.748148
0.358869,0.833333,0.740741
0.360043,0.840336,0.740741
0.360583,0.847458,0.740741
0.362164,0.854701,0.740741
0.366501,0.862069,0.740741
0.367124,0.860870,0.733333
0.367848,0.868421,0.733333
0.370985,0.876106,0.733333
0.371276,0.883929,0.733333
0.371492,0.891892,0.733333
0.374182,0.890909,0.725926
0.375352,0.889908,0.718519
0.376857,0.888889,0.711111
0.377320,0.897196,0.711111
0.378905,0.896226,0.703704
0.380024,0.904762,0.703704
0.381239,0.903846,0.696296
0.382164,0.902913,0.688889
0.388809,0.901961,0.681481
0.389153,0.900990,0.674074
0.389434,0.910000,0.674074
0.390451,0.909091,0.666667
0.390848,0.908163,0.659259
0.392896,0.907216,0.651852
0.394383,0.916667,0.651852
0.395194,0.926316,0.651852
0.395723,0.936170,0.651852
0.398752,0.946237,0.651852
0.399900,0.945652,0.644444
0.400371,0.945055,0.637037
0.401318,0.944444,0.629630
0.403346,0.943820,0.622222
0.407049,0.943182,0.614815
0.409713,0.942529,0.607407
0.410431,0.941860,0.600000
0.412596,0.941176,0.592593
0.414087,0.952381,0.592593
0.414631,0.951807,0.585185
0.416047,0.951220,0.577778
0.418129,0.950617,0.570370
0.422506,0.950000,0.562963
0.422887,0.949367,0.555556
0.424913,0.948718,0.548148
0.424941,0.948052,0.540741
0.427600,0.947368,0.533333
0.427650,0.960000,0.533333
0.428245,0.959459,0.525926
0.428580,0.958904,0.518519
0.429870,0.958333,0.511111
0.434020,0.957746,0.503704
0.434915,0.957143,0.496296
0.442424,0.956522,0.488889
0.442642,0.955882,0.481481
0.443413,0.955224,0.474074
0.443624,0.954545,0.466667
0.444949,0.953846,0.459259
0.445555,0.953125,0.451852
0.452212,0.952381,0.444444
0.456292,0.951613,0.437037
0.457403,0.950820,0.429630
0.474467,0.966667,0.429630
0.478266,0.966102,0.422222
0.479370,0.965517,0.414815
0.481061,0.964912,0.407407
0.485481,0.964286,0.400000
0.487164,0.963636,0.392593
0.488712,0.962963,0.385185
0.489223,0.962264,0.377778
0.492094,0.961538,0.370370
0.502134,0.960784,0.362963
0.503795,0.960000,0.355556
0.503871,0.959184,0.348148
0.507666,0.979167,0.348148
0.509858,0.978723,0.340741
0.510783,0.978261,0.333333
0.519122,0.977778,0.325926
0.519812,0.977273,0.318519
0.525201,0.976744,0.311111
0.526309,0.976190,0.303704
0.526484,0.975610,0.296296
0.529087,0.975000,0.288889
0.531653,0.974359,0.281481
0.531680,0.973684,0.274074
0.534832,0.972973,0.266667
0.542981,0.972222,0.259259
0.550104,0.971429,0.251852
0.550413,0.970588,0.244444
0.554984,0.969697,0.237037
0.555138,0.968750,0.229630
0.564553,0.967742,0.222222
0.567220,0.966667,0.214815
0.567951,0.965517,0.207407
0.570150,0.964286,0.200000
0.577594,0.962963,0.192593
0.578170,0.961538,0.185185
0.580523,1.000000,0.185185
0.583792,1.000000,0.177778
0.589938,1.000000,0.170370
0.598397,1.000000,0.162963
0.598961,1.000000,0.155556
0.602481,1.000000,0.148148
0.613350,1.000000,0.140741
0.615422,1.000000,0.133333
0.618808,1.000000,0.125926
0.622525,1.000000,0.118519
0.622547,1.000000,0.111111
0.629088,1.000000,0.103704
0.631217,1.000000,0.096296
0.633286,1.000000,0.088889
0.634026,1.000000,0.081481
0.634131,1.000000,0.074074
0.637956,1.000000,0.066667
0.639346,1.000000,0.059259
0.640053,1.000000,0.051852
0.655939,1.000000,0.044444
0.658662,1.000000,0.037037
0.683302,1.000000,0.029630
0.720820,1.000000,0.022222
0.811957,1.000000,0.014815
0.825000,1.000000,0.007407
